{"cameraMode":{"drawMode":0,"name":"Shaded","section":"Shading Mode"},"sceneLighting":true,"audioPlay":false,"sceneViewState":{"m_AlwaysRefresh":false,"showFog":true,"showSkybox":true,"showFlares":true,"showImageEffects":true,"showParticleSystems":true,"showVisualEffectGraphs":true,"m_FxEnabled":true},"in2DMode":false,"pivot":{"x":-130.11753845214845,"y":-2.8718433380126955,"z":107.19407653808594},"rotation":{"x":0.47391393780708315,"y":-0.46449708938598635,"z":0.33363619446754458,"w":0.6700056195259094},"size":55.08936309814453,"orthographic":false}