{"cameraMode":{"drawMode":0,"name":"Shaded","section":"Shading Mode"},"sceneLighting":true,"audioPlay":false,"sceneViewState":{"m_AlwaysRefresh":false,"showFog":true,"showSkybox":true,"showFlares":true,"showImageEffects":true,"showParticleSystems":true,"showVisualEffectGraphs":true,"m_FxEnabled":true},"in2DMode":false,"pivot":{"x":-120.68246459960938,"y":25.376201629638673,"z":-195.51937866210938},"rotation":{"x":0.09137678146362305,"y":-0.3646291494369507,"z":0.03600181266665459,"w":0.9261611700057983},"size":16.554101943969728,"orthographic":false}